<?xml version="1.0" encoding="UTF-8"?>
<beans xmlns="http://www.springframework.org/schema/beans"
	xmlns:xsi="http://www.w3.org/2001/XMLSchema-instance"
	xmlns:context="http://www.springframework.org/schema/context"
	xmlns:mvc="http://www.springframework.org/schema/mvc"
	xmlns:tx="http://www.springframework.org/schema/tx"
	xsi:schemaLocation="http://www.springframework.org/schema/context
           http://www.springframework.org/schema/context/spring-context.xsd
           http://www.springframework.org/schema/beans
		   http://www.springframework.org/schema/beans/spring-beans.xsd
           http://www.springframework.org/schema/mvc
		   http://www.springframework.org/schema/mvc/spring-mvc.xsd
		   http://www.springframework.org/schema/tx
		   http://www.springframework.org/schema/tx/spring-tx.xsd">

	<tx:annotation-driven />
	<context:component-scan
		base-package="Instagram.Controller" />
	<mvc:annotation-driven />
	<mvc:resources location="/WEB-INF/resources/"
		mapping="/resources/**"></mvc:resources>


	<bean name="internalResourcesViewResolver"
		class="org.springframework.web.servlet.view.InternalResourceViewResolver">
		<property name="prefix" value="/WEB-INF/views/" />
		<property name="suffix" value=".jsp" />
	</bean>

	<bean
		class="org.springframework.jdbc.datasource.DriverManagerDataSource"
		name="ds">
		<property name="driverClassName"
			value="com.mysql.cj.jdbc.Driver" />
		<property name="url"
			value="jdbc:mysql://localhost:3306/myhiber" />
		<property name="username" value="root" />
		<property name="password" value="root" />
	</bean>

	<bean name="factory"
		class="org.springframework.orm.hibernate5.LocalSessionFactoryBean">
		<property name="datasource" ref="ds" />

		<property name="hibernateProperties">
			<props>
				<prop key="hibernate.dialect">org.hibernate.dialect.MySQL5Dialect</prop>
				<prop key="hibernate.show_sql">true</prop>
				<prop key="hibernate.hbm2ddl.auto">create</prop>

			</props>

		</property>
		<property name="annotedClasses">
			<list>
				<value>
					Instagram.models.User
				</value>
			</list>
		</property>
	</bean>

	<bean class="org.springframework.orm.hibernate5.HibernateTemplate"
		name="hibernateTemplate">
		<property name="sessionFactory" ref="factory" />
	</bean>

	<bean
		class="org.springframework.orm.hibernate5.HibernateTransactionManager"
		name="transactionManager">
		<property name="sessionFacxtory" ref="factory" />

	</bean>

	<bean class="Instagram.dao.RegisterDao" name="registerDao">
		<property name="hibernateTemplate" ref="hibernateTemplate" />
	</bean>


</beans>